# logical	repository/package
nmap	extra/nmap
radare2	extra/radare2
jadx	extra/jadx
binwalk	extra/binwalk
dotnet-sdk	extra/dotnet-sdk
airspy	extra/airspy
gnuradio	extra/gnuradio
gqrx	extra/gqrx
hackrf	extra/hackrf
inspectrum	extra/inspectrum
limesuite	extra/limesuite
multimon-ng	extra/multimon-ng
qspectrumanalyzer	extra/qspectrumanalyzer
rtl-sdr	extra/rtl-sdr
rtl_433	extra/rtl_433
soapysdr	extra/soapysdr
urh	extra/urh
bully	extra/bully
cowpatty	extra/cowpatty
hcxdumptool	extra/hcxdumptool
hcxtools	extra/hcxtools
hostapd	extra/hostapd
kismet	extra/kismet
pixiewps	extra/pixiewps
reaver	extra/reaver
wifite	extra/wifite
keepassxc	extra/keepassxc
mat2	extra/mat2
veracrypt	extra/veracrypt
macchanger	extra/macchanger
tor	extra/tor
routersploit	extra/routersploit
remmina	extra/remmina
openssh	core/openssh
social-engineer-toolkit	blackarch/set
