# group	logical	BlackArch name	manager	pinned specification	presence probe
security/ad	impacket	impacket-ba	pipx	impacket==0.12.0	impacket-smbserver
security/ad	netexec	netexec	pipx	git+https://github.com/Pennyw0rth/NetExec@c7dc286ba65daf10402cdc470e531b84e6d3d911	netexec
security/mobile	frida-tools	python-frida-tools	pipx	frida-tools==13.7.1	frida
security/mobile	objection	objection	pipx	objection==1.11.0	objection
security/osint	sherlock	sherlock	pipx	sherlock-project==0.16.0	sherlock
security/api	mitmproxy	mitmproxy	pipx	mitmproxy==12.2.3	mitmproxy
security/htb-cjca	sigma-cli	sigma-cli	pipx	sigma-cli==3.1.0	sigma
security/htb-coae	fickling	fickling	pipx	fickling==0.1.12	fickling
security/htb-coae	pyrit	none	pipx	pyrit==1.1.0	pyrit_shell
